document;fill form
Cambridge_ChangeofBrokerDealerLetterDirectBusiness_020524_pages_1-1;1
Cambridge_ClientAgreement_010325_pages_6-9;0
Cambridge_ClientAgreement_010325_pages_19-22;0
Cambridge_ClientInformationandSuitabilityForm_010325_pages_1-5;1
Cambridge_FinancialPlanningEngagement_011924_pages_1-5;1
Cambridge_PershingJournalRequest_031924_pages_1-1;1
Cambridge_PershingToPershingTransfer_072822.1_pages_1-1;1
Cambridge_PrivacyPolicy_12-22_pages_6-7;1
Cambridge_PrivacyPolicy_12-22_pages_10-11;1
Cambridge_PrivacyPolicy_12-22_pages_23-24;1
Cambridge_WealthPortWrapClientAgreementandApplication_010325_pages_1-12;1
Cambridge_WealthPortWrapExhibit_102324_pages_13-18;1
